basePrice,batterySize,capacities,frontCamera,memory,opSys,pricing,rearCamera,released,screen,screenRes,screenType,sensors,title
,Non-removable Li-Ion 2900 mAh battery,,"13 MP, f/2.0, 22mm (wide), 1/3"", 1.12µm","32GB 4GB RAM, 64GB 4GB RAM","Android 7.1 (Nougat), upgradable to Android 8.0 (Oreo)",,"19 MP, f/2.0, 25mm (wide), 1/2.3"", predictive PDAF, Laser AF","2017, February","5.2 inches, 74.5 cm, (~70.9% screen-to-body ratio)","1080 x 1920 pixels, 16:9 ratio (~424 ppi density)","IPS LCD capacitive touchscreen, 16M colors","Fingerprint (side-mounted, region dependent), accelerometer, gyro, proximity, barometer, compass, color spectrum",Sony Xperia XZs
,Non-removable Li-Ion 2620 mAh battery,,"5 MP, f/2.2, 24mm (wide)",16GB 2GB RAM,Android 7.0 (Nougat),,"13 MP, f/2.2, AF","2017, March","5.5 inches, 83.4 cm, (~74.6% screen-to-body ratio)","720 x 1280 pixels, 16:9 ratio (~267 ppi density)","IPS LCD capacitive touchscreen, 16M colors","Accelerometer, proximity, compass",Sony Xperia L1
,Non-removable Li-Ion 2700 mAh battery,,"8 MP, f/2.4, 18mm, 1/4""",32GB 4GB RAM,"Android 8.0 (Oreo), upgradable to Android 9.0 (Pie)",,"19 MP, f/2.0, 25mm (wide), 1/2.3"", 1.22µm, predictive PDAF, Laser AF","2017, August","4.6 inches, 58.3 cm, (~69.6% screen-to-body ratio)","720 x 1280 pixels, 16:9 ratio (~319 ppi density)","IPS LCD capacitive touchscreen, 16M colors","Fingerprint (side-mounted), accelerometer, gyro, proximity, barometer, compass, color spectrum",Sony Xperia XZ1 Compact
,Non-removable Li-Ion 3430 mAh battery,,"8 MP, f/2.0, 23mm (wide), 1/4"", AF","32GB 3GB RAM, 32GB 4GB RAM","Android 7.0 (Nougat), upgradable to Android 8.0 (Oreo)",,"23 MP, f/2.0, 24mm (wide), 1/2.3"", PDAF","2017, August","5.5 inches, 83.4 cm, (~71.7% screen-to-body ratio)","1080 x 1920 pixels, 16:9 ratio (~401 ppi density)","IPS LCD capacitive touchscreen, 16M colors","Fingerprint (side-mounted), accelerometer, proximity, compass",Sony Xperia XA1 Plus
,Non-removable Li-Ion 2700 mAh battery,,"13 MP, f/2.0, 22mm (wide), 1/3""",64GB 4GB RAM,"Android 8.0 (Oreo), upgradable to Android 9.0 (Pie)",,"19 MP, f/2.0, 25mm (wide), 1/2.3"", 1.22µm, predictive PDAF, Laser AF","2017, August","5.2 inches, 74.5 cm, (~68.6% screen-to-body ratio)","1080 x 1920 pixels, 16:9 ratio (~424 ppi density)","IPS LCD capacitive touchscreen, 16M colors","Fingerprint (side-mounted), accelerometer, gyro, proximity, barometer, compass, color spectrum",Sony Xperia XZ1
,Non-removable Li-Ion 2620 mAh battery,,"8 MP, predictive PDAF, 1/4""","16GB 2GB RAM, 32GB 3GB RAM",Android 7.1 (Nougat),,"13 MP, predictive PDAF","2017, October","5.2 inches, 74.5 cm, (~69.7% screen-to-body ratio)","720 x 1280 pixels, 16:9 ratio (~282 ppi density)","IPS LCD capacitive touchscreen, 16M colors","Accelerometer, proximity",Sony Xperia R1 (Plus)
,Non-removable Li-Ion 3300 mAh battery,,"8 MP, f/2.4, 1/4""",32GB 3GB RAM,Android 7.1.1 (Nougat),,"13 MP, f/2.0, 1/3.1"", AF","2018, January","5.5 inches, 83.4 cm, (~71.3% screen-to-body ratio)","720 x 1280 pixels, 16:9 ratio (~267 ppi density)","IPS LCD capacitive touchscreen, 16M colors","Fingerprint (rear-mounted), accelerometer, proximity, compass",Sony Xperia L2
,Non-removable Li-Ion 3300 mAh battery,,"8 MP, f/2.4, 1/4""",32GB 3GB RAM,Android 8.0 (Oreo),,"23 MP, f/2.0, 24mm (wide), 1/2.3"", PDAF","2018, January","5.2 inches, 74.5 cm, (~75.0% screen-to-body ratio)","1080 x 1920 pixels, 16:9 ratio (~424 ppi density)","IPS LCD capacitive touchscreen, 16M colors","Fingerprint (rear-mounted), accelerometer, proximity, compass",Sony Xperia XA2
,Non-removable Li-Ion 3580 mAh battery,,"16 MP, f/2.0, 23mm (wide), 1/2.6"", OIS, AF,
8 MP, f/2.4, 1/4""","32GB 4GB RAM, 64GB 4GB RAM",Android 8.0 (Oreo),,"23 MP, f/2.0, 24mm (wide), 1/2.3"", PDAF","2018, January","6.0 inches, 99.2 cm, (~76.1% screen-to-body ratio)","1080 x 1920 pixels, 16:9 ratio (~367 ppi density)","IPS LCD capacitive touchscreen, 16M colors","Fingerprint (rear-mounted), accelerometer, proximity, compass",Sony Xperia XA2 Ultra
$ 299.99 / £ 319.90,Non-removable Li-Ion 2870 mAh battery,64GB 4GB RAM,"5 MP, f/2.2, 23mm (wide), 1/5""",64GB 4GB RAM,"Android 8.0 (Oreo), upgradable to Android 9.0 (Pie)","$ 299.99,$ 799.98,£ 319.90","19 MP, f/2.0, 25mm (wide), 1/2.3"", 1.22µm, predictive PDAF, Laser AF","2018, February","5.0 inches, 64.5 cm, (~73.5% screen-to-body ratio)","1080 x 2160 pixels, 18:9 ratio (~483 ppi density)","IPS LCD capacitive touchscreen, 16M colors","Fingerprint (rear-mounted), accelerometer, gyro, proximity, barometer, compass, color spectrum",Sony Xperia XZ2 Compact
$ 258.99 / £ 279.99 / € 369.00,Non-removable Li-Ion 3180 mAh battery,"64GB 4GB RAM,64GB 6GB RAM","5 MP, f/2.2, 1/5""","64GB 4GB RAM, 64GB 6GB RAM","Android 8.0 (Oreo), upgradable to Android 9.0 (Pie)","$ 315.99,$ 449.00,$ 258.99,£ 279.99,£ 309.97,$ 362.95,$ 316.81,£ 297.60","19 MP, f/2.0, 25mm (wide), 1/2.3"", 1.22µm, predictive PDAF, Laser AF","2018, February","5.7 inches, 83.8 cm, (~76.1% screen-to-body ratio)","1080 x 2160 pixels, 18:9 ratio (~424 ppi density)","IPS LCD capacitive touchscreen, 16M colors","Fingerprint (rear-mounted), accelerometer, gyro, proximity, barometer, compass, color spectrum",Sony Xperia XZ2
$ 401.00 / £ 419.00 / € 711.69,Non-removable Li-Ion 3540 mAh battery,64GB 6GB RAM,"13 MP, f/2.0, 22mm (wide), 1/3"", 1.12µm",64GB 6GB RAM,"Android 8.0 (Oreo), upgradable to Android 9.0 (Pie)","$ 649.99,$ 401.00,£ 419.00,€ 711.69","19 MP, f/1.8, 25mm (wide), 1/2.3"", 1.22µm, predictive PDAF, Laser AF,
12 MP B/W, f/1.6, 1/2.3"", 1.55µm, predictive PDAF, Laser AF","2018, April","5.8 inches, 91.5 cm, (~72.4% screen-to-body ratio)","3840 x 2160 pixels, 16:9 ratio (~765 ppi density)","IPS LCD capacitive touchscreen, 16M colors","Fingerprint (rear-mounted), accelerometer, gyro, proximity, barometer, compass, color spectrum",Sony Xperia XZ2 Premium
£ 215.12,Non-removable Li-Ion 3580 mAh battery,32GB 4GB RAM,"8 MP, f/2.4, 1/4""","32GB 4GB RAM, 64GB 6GB RAM",Android 8.0 (Oreo),£ 215.12,"23 MP, f/2.0, 24mm (wide), 1/2.3"", PDAF","2018, July","6.0 inches, 92.9 cm, (~78.9% screen-to-body ratio)","1080 x 2160 pixels, 18:9 ratio (~402 ppi density)","IPS LCD capacitive touchscreen, 16M colors","Fingerprint (rear-mounted), accelerometer, proximity, compass",Sony Xperia XA2 Plus
$ 869.00 / £ 574.65 / € 549.00,Non-removable Li-Ion 3300 mAh battery,"64GB 6GB RAM,64GB 4GB RAM","13 MP, f/1.9, 23mm (wide), 1/3"", 1.12µm","64GB 4GB RAM, 64GB 6GB RAM",Android 9.0 (Pie),"$ 869.00,$ 929.00,£ 574.65,€ 549.00","19 MP, f/2.0, 25mm (wide), 1/2.3"", 1.22µm, predictive PDAF, Laser AF","2018, August","6.0 inches, 92.9 cm, (~80.5% screen-to-body ratio)","1440 x 2880 pixels, 18:9 ratio (~537 ppi density)","P-OLED capacitive touchscreen, 16M colors","Fingerprint (rear-mounted), accelerometer, gyro, proximity, barometer, compass, color spectrum",Sony Xperia XZ3
£ 139.99 / € 168.00,Non-removable Li-Ion 3300 mAh battery,32GB 3GB RAM,"8 MP, f/2.0, 24mm (wide), 1/4"", 1.12µm",32GB 3GB RAM,Android 8.0 (Oreo),"£ 139.99,£ 160.00,€ 168.00","13 MP, f/2.2, 26mm (wide), 1/3"", 1.12µm, PDAF,
2 MP, depth sensor","2019, February","5.7 inches, 83.8 cm, (~75.6% screen-to-body ratio)","720 x 1440 pixels, 18:9 ratio (~282 ppi density)","IPS LCD capacitive touchscreen, 16M colors","Fingerprint (side-mounted), accelerometer, proximity, compass",Sony Xperia L3
$ 269.99 / £ 189.98 / € 237.00,Non-removable Li-Ion 2870 mAh battery,"64GB 3GB RAM,64GB 4GB RAM","8 MP, f/2.0, 24mm (wide), 1/4"", 1.12µm","64GB 3GB RAM, 64GB 4GB RAM",Android 9.0 (Pie),"$ 269.99,$ 298.00,$ 299.99,£ 189.98,£ 254.10,$ 286.38,$ 314.99,£ 239.00","13 MP, f/2.0, 27mm (wide), 1/3"", 1.12µm, PDAF,
5 MP, f/2.4, 22mm (wide), 1/4"", 1.4µm, depth sensor","2019, February","6.0 inches, 84.1 cm, (~79.3% screen-to-body ratio)","1080 x 2520 pixels, 21:9 ratio (~457 ppi density)","IPS LCD capacitive touchscreen, 16M colors","Fingerprint (side-mounted), accelerometer, proximity, compass",Sony Xperia 10
,Non-removable Li-Ion 2300 mAh battery,,"8 MP, f/2.0, 1/4"", AF",16GB 2GB RAM,"Android 6.0.1 (Marshmallow), upgradable to 7.0 (Nougat)",,"13 MP, f/2.0, 1/3"", 1.12µm, PDAF","2016, February","5.0 inches, 68.9 cm, (~71.8% screen-to-body ratio)","720 x 1280 pixels, 16:9 ratio (~294 ppi density)","IPS LCD capacitive touchscreen, 16M colors","Accelerometer, proximity, compass",Sony Xperia XA
,Non-removable Li-Ion 2300 mAh battery,,"8 MP, 1/4"", AF",16GB 2GB RAM,"Android 6.0.1 (Marshmallow), upgradable to 7.0 (Nougat)",,"13 MP, f/2.0, 1/3"", PDAF","2016, February","5.0 inches, 68.9 cm, (~71.8% screen-to-body ratio)","720 x 1280 pixels, 16:9 ratio (~294 ppi density)","IPS LCD capacitive touchscreen, 16M colors","Accelerometer, proximity, compass",Sony Xperia XA Dual
,Non-removable Li-Ion 2620 mAh battery,,"13 MP, f/2.0, 22mm (wide), 1/3""","32GB 3GB RAM (F5121), 64GB 3GB RAM (F5122)","Android 6.0.1 (Marshmallow), upgradable to Android 8.0 (Oreo)",,"23 MP, f/2.0, 24mm (wide), 1/2.3"", PDAF","2016, February","5.0 inches, 68.9 cm, (~69.8% screen-to-body ratio)","1080 x 1920 pixels, 16:9 ratio (~441 ppi density)","IPS LCD capacitive touchscreen, 16M colors","Fingerprint (side-mounted), accelerometer, gyro, proximity, barometer, compass",Sony Xperia X
,Non-removable Li-Ion 2700 mAh battery,,"13 MP, f/2.0, 22mm (wide), 1/3""","32GB 3GB RAM (SS), 64GB 3GB RAM (DS)","Android 6.0.1 (Marshmallow), upgradable to Android 8.0 (Oreo)",,"23 MP, f/2.0, 24mm (wide), 1/2.3"", PDAF","2016, February","5.0 inches, 68.9 cm, (~68.1% screen-to-body ratio)","1080 x 1920 pixels, 16:9 ratio (~441 ppi density)","IPS LCD capacitive touchscreen, 16M colors","Fingerprint (side-mounted), accelerometer, gyro, proximity, barometer, compass",Sony Xperia X Performance
,Non-removable Li-Ion 2700 mAh battery,,"16 MP, f/2.0, 23mm (wide), 1/2.6"", OIS",16GB 3GB RAM,"Android 6.0.1 (Marshmallow), upgradable to 7.0 (Nougat)",,"21.5 MP, f/2.2, 1/2.4"", 1/2.4"", PDAF","2016, May","6.0 inches, 99.2 cm, (~76.6% screen-to-body ratio)","1080 x 1920 pixels, 16:9 ratio (~367 ppi density)","IPS LCD capacitive touchscreen, 16M colors","Accelerometer, proximity, compass",Sony Xperia XA Ultra
,Non-removable Li-Po 2300 mAh battery,,"5 MP, f/2.4",16GB 1.5GB RAM,Android 6.0 (Marshmallow),,"13 MP, f/2.0, AF","2016, May","5.0 inches, 68.9 cm, (~69.4% screen-to-body ratio)","720 x 1280 pixels, 16:9 ratio (~294 ppi density)","IPS LCD capacitive touchscreen, 16M colors","Accelerometer, proximity, compass",Sony Xperia E5
$ 98.88 / £ 94.00 / € 187.99,Non-removable Li-Ion 2900 mAh battery,"32GB 3GB RAM,64GB 3GB RAM","13 MP, f/2.0, 22mm (wide), 1/3""","32GB 3GB RAM, 64GB 3GB RAM","Android 6.0.1 (Marshmallow), upgradable to Android 8.0 (Oreo)","$ 121.76,$ 219.99,$ 98.88,£ 94.00,£ 154.99,$ 196.99,$ 214.98,$ 140.76,£ 298.00","23 MP, f/2.0, 24mm (wide), 1/2.3"", PDAF, Laser AF","2016, September","5.2 inches, 74.5 cm, (~70.9% screen-to-body ratio)","1080 x 1920 pixels, 16:9 ratio (~424 ppi density)","IPS LCD capacitive touchscreen, 16M colors","Fingerprint (side-mounted), accelerometer, gyro, proximity, barometer, compass, color spectrum",Sony Xperia XZ
,Non-removable Li-Ion 2700 mAh battery,,5 MP,32GB 3GB RAM,"Android 6.0.1 (Marshmallow), upgradable to Android 8.0 (Oreo)",,"23 MP, f/2.0, 24mm (wide), 1/2.3"", PDAF","2016, September","4.6 inches, 58.3 cm, (~69.6% screen-to-body ratio)","720 x 1280 pixels, 16:9 ratio (~319 ppi density)","IPS LCD capacitive touchscreen, 16M colors","Fingerprint (side-mounted), accelerometer, gyro, proximity, barometer, compass, color spectrum",Sony Xperia X Compact
,Non-removable Li-Ion 2300 mAh battery,,"8 MP, f/2.0, 23mm (wide), 1/4"", AF",32GB 3GB RAM,"Android 7.0 (Nougat), upgradable to Android 8.0 (Oreo)",,"23 MP, f/2.0, 24mm (wide), 1/2.3"", PDAF","2017, February","5.0 inches, 68.9 cm, (~70.9% screen-to-body ratio)","720 x 1280 pixels, 16:9 ratio (~294 ppi density)","IPS LCD capacitive touchscreen, 16M colors","Accelerometer, proximity, compass",Sony Xperia XA1
,Non-removable Li-Ion 2700 mAh battery,,"16 MP, f/2.0, 23mm (wide), 1/2.6"", OIS, AF","32GB 4GB RAM, 64GB 4GB RAM","Android 7.0 (Nougat), upgradable to Android 8.0 (Oreo)",,"23 MP, f/2.0, 24mm (wide), 1/2.3"", PDAF","2017, February","6.0 inches, 99.2 cm, (~76.1% screen-to-body ratio)","1080 x 1920 pixels, 16:9 ratio (~367 ppi density)","IPS LCD capacitive touchscreen, 16M colors","Accelerometer, proximity, compass",Sony Xperia XA1 Ultra
,Non-removable Li-Ion 3230 mAh battery,,"13 MP, f/2.0, 22mm (wide), 1/3"", 1.12µm",64GB 4GB RAM,"Android 7.1 (Nougat), upgradable to Android 9.0 (Pie)",,"19 MP, f/2.0, 25mm (wide), 1/2.3"", predictive PDAF, Laser AF","2017, February","5.46 inches, 82.2 cm, (~68.4% screen-to-body ratio)","3840 x 2160 pixels, 16:9 ratio (~807 ppi density)","IPS LCD capacitive touchscreen, 16M colors","Fingerprint (side-mounted, region dependent), accelerometer, gyro, proximity, barometer, compass, color spectrum",Sony Xperia XZ Premium
$ 375.80 / £ 249.00,Non-removable Li-Ion 3000 mAh battery,"64GB 4GB RAM,64GB 6GB RAM","8 MP, f/2.0, 24mm (wide), 1/4"", 1.12µm","64GB 4GB RAM, 64GB 6GB RAM",Android 9.0 (Pie),"$ 429.99,£ 249.00,£ 349.95,$ 375.80,£ 273.27,£ 349.00","12 MP, f/1.8, 27mm (wide), 1/2.8"", 1.25µm, PDAF,
8 MP, f/2.4, 53mm (telephoto), 1/4"", 1.12µm, PDAF, 2x optical zoom","2019, February","6.5 inches, 98.7 cm, (~81.0% screen-to-body ratio)","1080 x 2520 pixels, 21:9 ratio (~422 ppi density)","IPS LCD capacitive touchscreen, 16M colors","Fingerprint (side-mounted), accelerometer, proximity, compass",Sony Xperia 10 Plus
$ 724.98 / £ 552.16 / € 700.00,Non-removable Li-Ion 3330 mAh battery,"128GB 6GB RAM,64GB 6GB RAM","8 MP, f/2.0, 24mm (wide), 1/4"", 1.12µm","64GB 6GB RAM, 128GB 6GB RAM",Android 9.0 (Pie),"$ 724.98,$ 729.99,$ 849.99,£ 552.16,£ 639.00,£ 639.00,€ 899.99","12 MP, f/1.6, 26mm (wide), 1/2.6"", 1.4µm, predictive Dual Pixel PDAF, 5-axis OIS,
12 MP, f/2.4, 52mm (telephoto), 1/3.4"", 1.0µm, predictive PDAF, 2x optical zoom, 5-axis OIS,
12 MP, f/2.4, 16mm (ultrawide), 1/3.4"", 1.0µm","2019, February","6.5 inches, 98.6 cm, (~82.0% screen-to-body ratio)","1644 x 3840 pixels, 21:9 ratio (~643 ppi density)","OLED capacitive touchscreen, 16M colors","Fingerprint (side-mounted), accelerometer, gyro, proximity, barometer, compass, color spectrum",Sony Xperia 1
$ 697.99 / £ 479.99 / € 750.00,Non-removable Li-Ion 3140 mAh battery,128GB 6GB RAM,"8 MP, f/2.0, 24mm (wide), 1/4"", 1.12µm",128GB 6GB RAM,Android 9.0 (Pie),"$ 697.99,$ 778.84,$ 779.41,£ 479.99,£ 529.00,€ 750.00","12 MP, f/1.6, 26mm (wide), 1/2.6"", 1.4µm, predictive Dual Pixel PDAF, 5-axis OIS,
12 MP, f/2.4, 52mm (telephoto), 1/3.4"", 1.0µm, predictive PDAF, 2x optical zoom, 5-axis OIS,
12 MP, f/2.4, 16mm (ultrawide), 1/3.4"", 1.0µm","2019, September","6.1 inches, 86.9 cm, (~80.9% screen-to-body ratio)","1080 x 2520 pixels, 21:9 ratio (~449 ppi density)","OLED capacitive touchscreen, 16M colors","Fingerprint (side-mounted), accelerometer, gyro, proximity, barometer, compass, color spectrum",Sony Xperia 5
,Non-removable Li-Ion 2930 mAh battery,,"13 MP, f/2.2, 22mm (wide), AF",16GB 2GB RAM,"Android 5.0 (Lollipop), upgradable to 6.0 (Marshmallow)",,"13 MP, f/2.0, 25mm (wide), AF","2015, August","6.0 inches, 99.2 cm, (~75.9% screen-to-body ratio)","1080 x 1920 pixels, 16:9 ratio (~367 ppi density)","IPS LCD capacitive touchscreen, 16M colors","Accelerometer, proximity, compass",Sony Xperia C5 Ultra Dual
,Non-removable Li-Ion 2600 mAh battery,,"13 MP, f/2.0, AF",16GB 3GB RAM,"Android 5.0.1 (Lollipop), upgradable to 6.0.1 (Marshmallow)",,"21.2 MP, f/2.2, PDAF","2015, August","5.0 inches, 68.9 cm, (~66.0% screen-to-body ratio)","1080 x 1920 pixels, 16:9 ratio (~441 ppi density)","IPS LCD capacitive touchscreen, 16M colors","Accelerometer, proximity, compass",Sony Xperia M5
,Non-removable Li-Ion 2600 mAh battery,,"13 MP, f/2.0, AF",16GB 3GB RAM,"Android 5.0 (Lollipop), upgradable to 5.1 (Lollipop)",,"21.2 MP, f/2.2, PDAF","2015, August","5.0 inches, 68.9 cm, (~66.0% screen-to-body ratio)","1080 x 1920 pixels, 16:9 ratio (~441 ppi density)","IPS LCD capacitive touchscreen, 16M colors","Accelerometer, proximity, compass",Sony Xperia M5 Dual
,Non-removable Li-Ion 2700 mAh battery,,"5.1 MP, f/2.4",32GB 2GB RAM,"Android 5.1.1 (Lollipop), upgradable to 7.1.1 (Nougat)",,"23 MP, f/2.0, 24mm (wide), 1/2.3"", PDAF","2015, September","4.6 inches, 56.9 cm, (~68.9% screen-to-body ratio)","720 x 1280 pixels, 16:9 ratio (~323 ppi density)","IPS LCD capacitive touchscreen, 16M colors","Fingerprint (side-mounted; EU model only), accelerometer, gyro, proximity, compass, barometer",Sony Xperia Z5 Compact
"$ 83.88 / £ 86.00 / € 168.99 / ₹ 55,000",Non-removable Li-Ion 2900 mAh battery,32GB 3GB RAM,"5.1 MP, f/2.4",32GB 3GB RAM,"Android 5.1.1 (Lollipop), upgradable to 7.1.1 (Nougat)","$ 162.97,$ 197.99,$ 83.88,£ 86.00,£ 124.99,€ 168.99,₹ 55,000","23 MP, f/2.0, 24mm (wide), 1/2.3"", PDAF","2015, September","5.2 inches, 73.2 cm, (~69.6% screen-to-body ratio)","1080 x 1920 pixels, 16:9 ratio (~428 ppi density)","IPS LCD capacitive touchscreen, 16M colors","Fingerprint (side-mounted; EU model only), accelerometer, gyro, proximity, compass, barometer",Sony Xperia Z5
,Non-removable Li-Ion 2900 mAh battery,,"5.1 MP, f/2.4",32GB 3GB RAM,"Android 5.1.1 (Lollipop), upgradable to 7.0 (Nougat)",,"23 MP, f/2.0, 24mm (wide), 1/2.3"", PDAF","2015, September","5.2 inches, 74.5 cm, (~70.9% screen-to-body ratio)","1080 x 1920 pixels, 16:9 ratio (~424 ppi density)","IPS LCD capacitive touchscreen, 16M colors","Fingerprint (side-mounted; EU model only), accelerometer, gyro, proximity, compass, barometer",Sony Xperia Z5 Dual
,Non-removable Li-Ion 3430 mAh battery,,"5.1 MP, f/2.4",32GB 3GB RAM,"Android 5.1.1 (Lollipop), upgradable to 7.0 (Nougat)",,"23 MP, f/2.0, 24mm (wide), 1/2.3"", PDAF","2015, September","5.5 inches, 82.4 cm, (~70.4% screen-to-body ratio)","2160 x 3840 pixels, 16:9 ratio (~806 ppi density)","IPS LCD capacitive touchscreen, 16M colors","Fingerprint (side-mounted), accelerometer, gyro, proximity, compass, barometer",Sony Xperia Z5 Premium
,Non-removable Li-Ion 3430 mAh battery,,"5.1 MP, f/2.4",32GB 3GB RAM,"Android 5.1.1 (Lollipop), upgradable to 7.0 (Nougat)",,"23 MP, f/2.0, 24mm (wide), 1/2.3"", PDAF","2015, September","5.5 inches, 83.4 cm, (~71.3% screen-to-body ratio)","2160 x 3840 pixels, 16:9 ratio (~801 ppi density)","IPS LCD capacitive touchscreen, 16M colors","Fingerprint (side-mounted), accelerometer, gyro, proximity, compass, barometer",Sony Xperia Z5 Premium Dual
,Non-removable Li-Po 6000 mAh battery,,5.1 MP,32GB 3GB RAM,"Android 5.0 (Lollipop), upgradable to 6.0 (Marshmallow)",,"8.1 MP, AF","2015, March","10.1 inches, 295.8 cm, (~69.7% screen-to-body ratio)","2560 x 1600 pixels, 16:10 ratio (~299 ppi density)","IPS LCD capacitive touchscreen, 16M colors","Accelerometer, gyro, compass",Sony Xperia Z4 Tablet WiFi
,Non-removable Li-Ion 2400 mAh battery,,5 MP,"8GB 2GB RAM, 16GB 2GB RAM (E2306)","Android 5.0.1 (Lollipop), upgradable to 6.0.1 (Marshmallow)",,"13 MP, f/2.0, AF","2015, March","5.0 inches, 68.9 cm, (~65.2% screen-to-body ratio)","720 x 1280 pixels, 16:9 ratio (~294 ppi density)","IPS LCD capacitive touchscreen, 16M colors","Accelerometer, proximity, compass",Sony Xperia M4 Aqua
,Non-removable Li-Ion 2400 mAh battery,,5 MP,"8GB 2GB RAM, 16GB 2GB RAM (E2333,E2363)","Android 5.0 (Lollipop), upgradable to 6.0 (Marshmallow)",,"13 MP, f/2.0, AF","2015, March","5.0 inches, 68.9 cm, (~65.2% screen-to-body ratio)","720 x 1280 pixels, 16:9 ratio (~294 ppi density)","IPS LCD capacitive touchscreen, 16M colors","Accelerometer, proximity, compass",Sony Xperia M4 Aqua Dual
,Non-removable Li-Ion 2600 mAh battery,,"5 MP, f/2.2",16GB 2GB RAM,"Android 5.0 (Lollipop), upgradable to 6.0 (Marshmallow)",,"13 MP, f/2.0, AF","2015, May","5.5 inches, 83.4 cm, (~71.7% screen-to-body ratio)","1080 x 1920 pixels, 16:9 ratio (~401 ppi density)","IPS LCD capacitive touchscreen, 16M colors","Accelerometer, proximity, compass",Sony Xperia C4
,Non-removable Li-Ion 2600 mAh battery,,"5 MP, f/2.2",16GB 2GB RAM,"Android 5.0 (Lollipop), upgradable to 6.0 (Marshmallow)",,"13 MP, f/2.0, AF","2015, May","5.5 inches, 83.4 cm, (~71.7% screen-to-body ratio)","1080 x 1920 pixels, 16:9 ratio (~401 ppi density)","IPS LCD capacitive touchscreen, 16M colors","Accelerometer, proximity, compass",Sony Xperia C4 Dual
,Non-removable Li-Ion 2930 mAh battery,,"5.1 MP, f/2.4",32GB 3GB RAM,"Android 5.0.1 (Lollipop), upgradable to 7.0 (Nougat)",,"20.7 MP, f/2.0, 25mm (wide), 1/2.3"", 1.12µm, AF","2015, May","5.2 inches, 74.5 cm, (~70.9% screen-to-body ratio)","1080 x 1920 pixels, 16:9 ratio (~424 ppi density)","IPS LCD capacitive touchscreen, 16M colors","Accelerometer, gyro, proximity, compass, barometer",Sony Xperia Z3+
,Non-removable Li-Ion 2930 mAh battery,,"5.1 MP, f/2.4",32GB 3GB RAM,"Android 5.0 (Lollipop), upgradable to 6.0 (Marshmallow)",,"20.7 MP, f/2.0, 25mm (wide), 1/2.3"", 1.12µm, AF","2015, May","5.2 inches, 73.2 cm, (~69.6% screen-to-body ratio)","1080 x 1920 pixels, 16:9 ratio (~428 ppi density)","IPS LCD capacitive touchscreen, 16M colors","Accelerometer, gyro, proximity, compass, barometer",Sony Xperia Z3+ dual
,Non-removable Li-Ion 3000 mAh battery,,5.1 MP,32GB 3GB RAM,Android 5.0 (Lollipop),,"20.7 MP, 1/2.3"", AF","2015, June","5.2 inches, 74.5 cm, (~71.4% screen-to-body ratio)","1440 x 2560 pixels, 16:9 ratio (~565 ppi density)","IPS LCD capacitive touchscreen, 16M colors","Accelerometer, gyro, proximity, compass, barometer",Sony Xperia Z4v
,Non-removable Li-Ion 2300 mAh battery,,VGA,8GB 1GB RAM,"Android 4.4.2 (KitKat), upgradable to 5.1.1 (Lollipop)",,"8 MP, f/2.4, AF","2014, August","4.8 inches, 63.5 cm, (~63.0% screen-to-body ratio)","540 x 960 pixels, 16:9 ratio (~229 ppi density)","IPS LCD capacitive touchscreen, 16M colors","Accelerometer, proximity, compass",Sony Xperia M2 Aqua
,Non-removable Li-Ion 2600 mAh battery,,"2.2 MP, f/2.8",16GB 2GB RAM,"Android 4.4.4 (KitKat), upgradable to 6.0 (Marshmallow)",,"20.7 MP, f/2.0, 25mm (wide), 1/2.3"", 1.12µm, AF","2014, September","4.6 inches, 58.3 cm, (~70.6% screen-to-body ratio)","720 x 1280 pixels, 16:9 ratio (~319 ppi density)","IPS LCD capacitive touchscreen, 16M colors","Accelerometer, gyro, proximity, compass, barometer",Sony Xperia Z3 Compact
,Non-removable Li-Ion 3100 mAh battery,,"2.2 MP, f/2.8","16GB 3GB RAM, 32GB 3GB RAM","Android 4.4.4 (KitKat), upgradable to 6.0 (Marshmallow)",,"20.7 MP, f/2.0, 25mm (wide), 1/2.3"", 1.12µm, AF","2014, September","5.2 inches, 74.5 cm, (~70.9% screen-to-body ratio)","1080 x 1920 pixels, 16:9 ratio (~424 ppi density)","IPS LCD capacitive touchscreen, 16M colors","Accelerometer, gyro, proximity, compass, barometer",Sony Xperia Z3
,Non-removable Li-Ion 3200 mAh battery,,"2.2 MP, f/2.8",32GB 3GB RAM,"Android 4.4.4 (KitKat), upgradable to 5.1.1 (Lollipop)",,"20.7 MP, f/2.0, 25mm (wide), 1/2.3"", 1.12µm, AF","2014, October","5.2 inches, 74.5 cm, (~68.4% screen-to-body ratio)","1080 x 1920 pixels, 16:9 ratio (~424 ppi density)","IPS LCD capacitive touchscreen, 16M colors","Accelerometer, gyro, proximity, compass, barometer",Sony Xperia Z3v
,Non-removable Li-Ion 3100 mAh battery,,"2.2 MP, f/2.8","16GB 3GB RAM, 32GB 3GB RAM","Android 4.4.4 (KitKat), upgradable to 6.0 (Marshmallow)",,"20.7 MP, f/2.0, 25mm (wide), 1/2.3"", AF","2014, September","5.2 inches, 74.5 cm, (~70.9% screen-to-body ratio)","1080 x 1920 pixels, 16:9 ratio (~424 ppi density)","IPS LCD capacitive touchscreen, 16M colors","Accelerometer, gyro, proximity, compass, barometer",Sony Xperia Z3 Dual
,Non-removable Li-Ion 4500 mAh battery,,"2.2 MP, f/2.8",16GB 3GB RAM,"Android 4.4.2 (KitKat), upgradable to 6.0 (Marshmallow)",,"8.1 MP, AF","2014, September","8.0 inches, 185.6 cm, (~70.4% screen-to-body ratio)","1200 x 1920 pixels, 16:10 ratio (~283 ppi density)","TFT  LCD capacitive touchscreen, 16M colors","Accelerometer, gyro, compass, barometer",Sony Xperia Z3 Tablet Compact
,Non-removable Li-Ion 2330 mAh battery,,VGA,4GB 1GB RAM,Android 4.4.2 (KitKat),,"5 MP, f/2.4, AF","2014, September","4.5 inches, 55.8 cm, (~58.6% screen-to-body ratio)","480 x 854 pixels, 16:9 ratio (~218 ppi density)","IPS LCD capacitive touchscreen, 16M colors","Accelerometer, proximity, compass",Sony Xperia E3
,Non-removable Li-Ion 2330 mAh battery,,VGA,4GB 1GB RAM,Android 4.4.2 (KitKat),,"5 MP, AF","2014, September","4.5 inches, 55.8 cm, (~58.6% screen-to-body ratio)","480 x 854 pixels, 16:9 ratio (~218 ppi density)","IPS LCD capacitive touchscreen, 16M colors","Accelerometer, proximity, compass",Sony Xperia E3 Dual
,Non-removable Li-Ion 2300 mAh battery,,"2 MP, f/2.8",8GB 1GB RAM,Android 4.4.4 (KitKat),,"5 MP, f/2.6, AF","2015, February","5.0 inches, 68.9 cm, (~67.4% screen-to-body ratio)","540 x 960 pixels, 16:9 ratio (~220 ppi density)","IPS LCD capacitive touchscreen, 16M colors","Accelerometer, proximity",Sony Xperia E4
,Non-removable Li-Ion 2300 mAh battery,,"2 MP, f/2.8",8GB 1GB RAM,Android 4.4.4 (KitKat),,"5 MP, f/2.6, AF","2015, February","5.0 inches, 68.9 cm, (~67.4% screen-to-body ratio)","540 x 960 pixels, 16:9 ratio (~220 ppi density)","IPS LCD capacitive touchscreen, 16M colors","Accelerometer, proximity",Sony Xperia E4 Dual
,Non-removable Li-Ion 2300 mAh battery,,"2 MP, f/2.8",8GB 1GB RAM,Android 4.4.4 (KitKat),,"5 MP, f/2.8, AF","2015, February","4.7 inches, 60.9 cm, (~64.5% screen-to-body ratio)","540 x 960 pixels, 16:9 ratio (~234 ppi density)","IPS LCD capacitive touchscreen, 16M colors","Accelerometer, proximity",Sony Xperia E4g Dual
,Non-removable Li-Ion 2300 mAh battery,,"2 MP, f/2.8",8GB 1GB RAM,Android 4.4.4 (KitKat),,"5 MP, f/2.8, AF","2015, February","4.7 inches, 60.9 cm, (~64.5% screen-to-body ratio)","540 x 960 pixels, 16:9 ratio (~234 ppi density)","IPS LCD capacitive touchscreen, 16M colors","Accelerometer, proximity",Sony Xperia E4g
,Non-removable Li-Po 6000 mAh battery,,5.1 MP,32GB 3GB RAM,"Android 5.0 (Lollipop), 6.0 (Marshmallow), upgradable to 7.0 (Nougat)",,"8.1 MP, AF","2015, March","10.1 inches, 295.8 cm, (~69.7% screen-to-body ratio)","2560 x 1600 pixels, 16:10 ratio (~299 ppi density)","IPS LCD capacitive touchscreen, 16M colors","Accelerometer, gyro, compass",Sony Xperia Z4 Tablet LTE
,Non-removable Li-Ion 2930 mAh battery,,"13 MP, f/2.2, 22mm (wide), AF",16GB 2GB RAM,"Android 5.0 (Lollipop), upgradable to 6.0 (Marshmallow)",,"13 MP, f/2.0, 25mm (wide), AF","2015, August","6.0 inches, 99.2 cm, (~75.9% screen-to-body ratio)","1080 x 1920 pixels, 16:9 ratio (~367 ppi density)","IPS LCD capacitive touchscreen, 16M colors","Accelerometer, proximity, compass",Sony Xperia C5 Ultra
,Non-removable Li-Po 6000 mAh battery,,2.2 MP,16GB 2GB RAM,"Android 4.1.2 (Jelly Bean), upgradable to 5.1.1 (Lollipop)",,"8.1 MP, AF","2013, February","10.1 inches, 295.8 cm, (~64.7% screen-to-body ratio)","1200 x 1920 pixels, 16:10 ratio (~224 ppi density)","LED-backlit LCD, capacitive touchscreen, 16M colors","Accelerometer, gyro, compass",Sony Xperia Tablet Z LTE
,Non-removable Li-Ion 2370 mAh battery,,VGA,"8GB (5.8GB user available), 1GB RAM","Android 4.1 (Jelly Bean), upgradаble to 4.3 (Jelly Bean)",,"8 MP, f/2.4, AF","2013, March","4.6 inches, 58.3 cm, (~66.6% screen-to-body ratio)","720 x 1280 pixels, 16:9 ratio (~319 ppi density)","TFT capacitive touchscreen, 16M colors","Accelerometer, gyro, proximity, compass",Sony Xperia SP
,Removable Li-Ion 1750 mAh battery,,VGA,"8GB (5.8GB user available), 1GB RAM","Android 4.1 (Jelly Bean), upgradable to 4.2.2 (Jelly Bean)",,"8 MP, f/2.4, AF","2013, March. Released 2013, May","4.3 inches, 51.0 cm, (~60.9% screen-to-body ratio)","480 x 854 pixels, 16:9 ratio (~228 ppi density)","TFT capacitive touchscreen, 16M colors","Accelerometer, proximity, compass",Sony Xperia L
,Removable Li-Ion 2300 mAh battery,,VGA,8GB 2GB RAM,"Android 4.1.2 (Jelly Bean), upgradable to 5.1.1 (Lollipop)",,"13.1 MP, f/2.4, AF","2013, May","4.55 inches, 57.1 cm, (~64.6% screen-to-body ratio)","720 x 1280 pixels, 16:9 ratio (~323 ppi density)","TFT capacitive touchscreen, 16M colors","Accelerometer, gyro, proximity, compass",Sony Xperia ZR
,Removable Li-Po 1750 mAh battery,,VGA,4GB 1GB RAM,"Android 4.1 (Jelly Bean)/ 4.2.2 - C2004/C2005 models, upgradable to 4.3 (Jelly Bean)",,"5 MP, f/2.8, AF","2013, June","4.0 inches, 44.1 cm, (~57.3% screen-to-body ratio)","480 x 854 pixels, 16:9 ratio (~245 ppi density)","TFT capacitive touchscreen, 16M colors","Accelerometer, proximity, compass",Sony Xperia M
,Non-removable Li-Ion 2390 mAh battery,,VGA,4GB 1GB RAM,Android 4.2.2 (Jelly Bean),,"8 MP, f/2.6, AF","2013, June","5.0 inches, 68.9 cm, (~65.6% screen-to-body ratio)","540 x 960 pixels, 16:9 ratio (~220 ppi density)","TFT capacitive touchscreen, 16M colors","Accelerometer, proximity, compass",Sony Xperia C
,Non-removable Li-Ion 3050 mAh battery,,2 MP,16GB 2GB RAM,"Android 4.2 (Jelly Bean), upgradable to 5.1 (Lollipop)",,"8 MP, f/2.4, AF","2013, June","6.4 inches, 112.9 cm, (~68.3% screen-to-body ratio)","1080 x 1920 pixels, 16:9 ratio (~344 ppi density)","IPS LCD capacitive touchscreen, 16M colors","Accelerometer, gyro, proximity, compass",Sony Xperia Z Ultra
,Non-removable Li-Ion 3000 mAh battery,,2 MP,16GB 2GB RAM,"Android 4.2 (Jelly Bean), upgradable to 5.1 (Lollipop)",,"20.7 MP, f/2.0, 27mm (wide), 1/2.3"", AF","2013, September","5.0 inches, 68.9 cm, (~64.7% screen-to-body ratio)","1080 x 1920 pixels, 16:9 ratio (~441 ppi density)","TFT capacitive touchscreen, 16M colors","Accelerometer, gyro, proximity, compass",Sony Xperia Z1
,Non-removable Li-Ion 2300 mAh battery,,2 MP,16GB 2GB RAM,"Android 4.3 (Jelly Bean), upgradable to 5.1 (Lollipop)",,"20.7 MP, f/2.0, 1/2.3"", AF","2014, January","4.3 inches, 51.0 cm, (~61.8% screen-to-body ratio)","720 x 1280 pixels, 16:9 ratio (~342 ppi density)","IPS LCD capacitive touchscreen, 16M colors","Accelerometer, gyro, proximity, compass",Sony Xperia Z1 Compact
,Non-removable Li-Ion 3000 mAh battery,,2 MP,32GB 2GB RAM,"Android 4.3 (Jelly Bean), upgradable to 5.1 (Lollipop)",,"20.7 MP, 1/2.3"", AF","2014, January","5.0 inches, 68.9 cm, (~64.0% screen-to-body ratio)","1080 x 1920 pixels, 16:9 ratio (~441 ppi density)","TFT capacitive touchscreen, 16M colors","Accelerometer, gyro, proximity, compass",Sony Xperia Z1s
,Non-removable Li-Ion 3000 mAh battery,,1.1 MP,8GB 1GB RAM,"Android 4.3 (Jelly Bean), upgradable to 5.1 (Lollipop)",,"13 MP, f/2.3, AF","2014, January","6.0 inches, 99.2 cm, (~71.7% screen-to-body ratio)","720 x 1280 pixels, 16:9 ratio (~245 ppi density)","IPS LCD capacitive touchscreen, 16M colors","Accelerometer, gyro, proximity, compass",Sony Xperia T2 Ultra
,Non-removable Li-Ion 3000 mAh battery,,1.1 MP,8GB 1GB RAM,"Android 4.3 (Jelly Bean), upgradable to 5.1.1 (Lollipop)",,"13 MP, AF","2014, January","6.0 inches, 99.2 cm, (~71.7% screen-to-body ratio)","720 x 1280 pixels, 16:9 ratio (~245 ppi density)","IPS LCD capacitive touchscreen, 16M colors","Accelerometer, gyro, proximity, compass",Sony Xperia T2 Ultra dual
,Removable Li-Ion 1700 mAh battery,,No,4GB 512MB RAM,"Android 4.3 (Jelly Bean), upgradable to 4.4.2 (KitKat); Timescape UI",,"3.15 MP, f/2.5","2014, January","4.0 inches, 45.5 cm, (~61.8% screen-to-body ratio)","480 x 800 pixels, 5:3 ratio (~233 ppi density)","TFT capacitive touchscreen, 16M colors","Accelerometer, proximity, compass",Sony Xperia E1
,Removable Li-Ion 1750 mAh battery,,No,4GB 512MB RAM,"Android 4.3 (Jelly Bean), upgradable to 4.4.2 (KitKat); Timescape UI",,3.15 MP,"2014, January","4.0 inches, 45.5 cm, (~61.8% screen-to-body ratio)","480 x 800 pixels, 5:3 ratio (~233 ppi density)","TFT capacitive touchscreen, 16M colors","Accelerometer, proximity, compass",Sony Xperia E1 dual
,Non-removable Li-Ion 3200 mAh battery,,2.2 MP,16GB 3GB RAM,"Android 4.4.2 (KitKat), upgradable to 6.0 (Marshmallow)",,"20.7 MP, f/2.0, 1/2.3"", 1.12µm, AF","2014, February","5.2 inches, 74.5 cm, (~69.3% screen-to-body ratio)","1080 x 1920 pixels, 16:9 ratio (~424 ppi density)","IPS LCD capacitive touchscreen, 16M colors","Accelerometer, gyro, proximity, compass, barometer",Sony Xperia Z2
,Non-removable Li-Po 6000 mAh battery,,2.2 MP,"16GB 3GB RAM, 32GB 3GB RAM","Android 4.4.2 (KitKat), upgradable to 6.0 (Marshmallow)",,"8.1 MP, AF","2014, February","10.1 inches, 295.8 cm, (~64.7% screen-to-body ratio)","1200 x 1920 pixels, 16:10 ratio (~224 ppi density)","TFT capacitive touchscreen, 16M colors","Accelerometer, gyro, compass",Sony Xperia Z2 Tablet Wi-Fi
,Removable Li-Ion 1530 mAh battery,,No,"4GB (2GB user available), 512MB RAM",Android 4.1 (Jelly Bean); Timescape UI,,3.15 MP,"2012, December","3.5 inches, 36.5 cm, (~52.0% screen-to-body ratio)","320 x 480 pixels, 3:2 ratio (~165 ppi density)","TFT capacitive touchscreen, 256K colors","Accelerometer, proximity",Sony Xperia E
,Removable Li-Ion 1530 mAh battery,,No,"4GB (2GB user available), 512MB RAM","Android 4.0.4 (Ice Cream Sandwich), upgradable to 4.1.1 (Jelly Bean); Timescape UI",,3.15 MP,"2012, December","3.5 inches, 36.5 cm, (~52.0% screen-to-body ratio)","320 x 480 pixels, 3:2 ratio (~165 ppi density)","TFT capacitive touchscreen, 256K colors","Accelerometer, proximity",Sony Xperia E dual
,Non-removable Li-Ion 2370 mAh  battery,,2 MP,16GB 2GB RAM,"Android 4.1.2 (Jelly Bean), upgradable to 5.1.1 (Lollipop)",,"13 MP, AF","2013, January. Released 2013, March","5.0 inches, 68.9 cm, (~75.6% screen-to-body ratio)","1080 x 1920 pixels, 16:9 ratio (~441 ppi density)","TFT capacitive touchscreen, 16M colors","Accelerometer, gyro, proximity, compass, barometer (C6502 only)",Sony Xperia ZL
,Non-removable Li-Ion 2330 mAh battery,,2.2 MP,16GB 2GB RAM,"Android 4.1.2 (Jelly Bean), upgradable to 5.1.1 (Lollipop)",,"13.1 MP, f/2.4, AF","2013, January","5.0 inches, 68.9 cm, (~69.8% screen-to-body ratio)","1080 x 1920 pixels, 16:9 ratio (~441 ppi density)","TFT capacitive touchscreen, 16M colors","Accelerometer, gyro, proximity, compass",Sony Xperia Z
,Non-removable Li-Po 6000 mAh battery,,2.2 MP,"16GB 2GB RAM, 32GB 2GB RAM","Android 4.1.2 (Jelly Bean), upgradable to 5.1.1 (Lollipop)",,"8.1 MP, AF","2013, February. Released 2013, May","10.1 inches, 295.8 cm, (~64.7% screen-to-body ratio)","1200 x 1920 pixels, 16:10 ratio (~224 ppi density)","LED-backlit LCD, capacitive touchscreen, 16M colors","Accelerometer, gyro, compass",Sony Xperia Tablet Z Wi-Fi
,Non-removable Li-Po 6000 mAh battery,,2.2 MP,16GB 3GB RAM,"Android 4.4.2 (KitKat), upgradable to 5.1.1 (Lollipop)",,"8.1 MP, AF","2014, February","10.1 inches, 295.8 cm, (~64.7% screen-to-body ratio)","1200 x 1920 pixels, 16:10 ratio (~224 ppi density)","TFT capacitive touchscreen, 16M colors","Accelerometer, gyro, compass",Sony Xperia Z2 Tablet LTE
,Non-removable Li-Ion 2300 mAh battery,,VGA,8GB 1GB RAM,"Android 4.3 (Jelly Bean), upgradable to 5.1 (Lollipop)",,"8 MP, AF","2014, February","4.8 inches, 63.5 cm, (~63.9% screen-to-body ratio)","540 x 960 pixels, 16:9 ratio (~229 ppi density)","TFT capacitive touchscreen, 16M colors","Accelerometer, proximity, compass",Sony Xperia M2 dual
,Non-removable Li-Ion 2300 mAh battery,,VGA,8GB 1GB RAM,"Android 4.3 (Jelly Bean), upgradable to 5.1 (Lollipop)",,"8 MP, f/2.4, AF","2014, February","4.8 inches, 63.5 cm, (~63.9% screen-to-body ratio)","540 x 960 pixels, 16:9 ratio (~229 ppi density)","TFT capacitive touchscreen, 16M colors","Accelerometer, proximity, compass",Sony Xperia M2
,Removable Li-Ion 225 mAh battery,,,,Android OS compatible,,No,"2013, June","1.6 inches, 8.1 cm, (~46.8% screen-to-body ratio)",220 x 176 pixels (~176 ppi density),Capacitive touchscreen,Yes,Sony SmartWatch 2 SW2
,Non-removable Li-Po 420 mAh battery,,,4GB 512MB RAM,Android Wear OS,,No,"2014, February","1.6 inches, 8.3 cm, (~45.0% screen-to-body ratio)","320 x 320 pixels, 1:1 ratio (~283 ppi density)","TFT capacitive touchscreen, 65K colors","Accelerometer, gyro, compass",Sony SmartWatch 3 SWR50
,Non-removable Li-Ion 2500 mAh battery,,1.1 MP,8GB 1GB RAM,Android 4.4.2 (KitKat),,"8 MP, f/2.4, AF","2014, June","5.3 inches, 77.4 cm, (~66.7% screen-to-body ratio)","720 x 1280 pixels, 16:9 ratio (~277 ppi density)","IPS LCD capacitive touchscreen, 16M colors","Accelerometer, gyro, proximity, compass",Sony Xperia T3
,Non-removable Li-Ion 3000 mAh battery,,VGA,16GB 3GB RAM,Android 4.4.2 (KitKat),,"20.7 MP, 1/2.3"", AF","2014, June","5.0 inches, 68.9 cm, (~69.9% screen-to-body ratio)","1080 x 1920 pixels, 16:9 ratio (~441 ppi density)","IPS LCD capacitive touchscreen, 16M colors","Accelerometer, gyro, proximity, compass, barometer",Sony Xperia Z2a
,Non-removable Li-Ion 2500 mAh battery,,"5 MP, f/2.3",8GB 1GB RAM,"Android 4.4.2 (KitKat), upgradable to 5.1 (Lollipop)",,"8 MP, f/2.3, AF","2014, July","5.5 inches, 83.4 cm, (~67.8% screen-to-body ratio)","720 x 1280 pixels, 16:9 ratio (~267 ppi density)","IPS LCD capacitive touchscreen, 16M colors","Accelerometer, proximity, compass",Sony Xperia C3
,Non-removable Li-Ion 2500 mAh battery,,"5 MP, f/2.3",8GB 1GB RAM,"Android 4.4.2 (KitKat), upgradable to 5.1 (Lollipop)",,"8 MP, f/2.3, AF","2014, July","5.5 inches, 83.4 cm, (~67.8% screen-to-body ratio)","720 x 1280 pixels, 16:9 ratio (~267 ppi density)","IPS LCD capacitive touchscreen, 16M colors","Accelerometer, proximity, compass",Sony Xperia C3 Dual
,Non-removable Li-Ion 3080 mAh battery,,VGA,4GB 1GB RAM,"Android 3.2 (Honeycomb), upgradable to 4.0 (Ice Cream Sandwich)",,"5 MP, AF","2012, Q1. Released 2012, September","5.5 inches, 75.0 cm, (~26.4% screen-to-body ratio)",1024 x 480 pixels (~206 ppi density),"Dual TFT capacitive touchscreen, 16M colors","Accelerometer, gyro, compass",Sony Tablet P
,Non-removable Li-Ion 1900 mAh battery,,1.3 MP,16GB 1GB RAM,"Android 2.3 (Gingerbread), 4.0 (Ice Cream Sandwich), upgradable to 4.1.2 (Jelly Bean)",,"12 MP, AF","2012, January. Released 2012, June","4.55 inches, 57.1 cm, (~63.1% screen-to-body ratio)","720 x 1280 pixels, 16:9 ratio (~323 ppi density)","LED-backlit LCD, capacitive touchscreen, 16M colors","Accelerometer, gyro, proximity, compass",Sony Xperia ion LTE
,Non-removable Li-Ion 1900 mAh battery,,1.3 MP,"13.2GB (12.9GB user available), 1GB RAM","Android 2.3 (Gingerbread), upgradable to 4.1.2 (Jelly Bean)",,"12 MP, AF","2012, April. Released 2012, June","4.55 inches, 57.1 cm, (~63.1% screen-to-body ratio)","720 x 1280 pixels, 16:9 ratio (~323 ppi density)","LED-backlit LCD, capacitive touchscreen, 16M colors","Accelerometer, gyro, proximity, compass",Sony Xperia ion HSPA
,Non-removable Li-Ion 1750 mAh battery,,1.3 MP,32GB 1GB RAM,"Android 2.3 (Gingerbread), upgradable to 4.1.2 (Jelly Bean)",,"12 MP, AF","2012, January. Released 2012, February","4.3 inches, 51.0 cm, (~62.2% screen-to-body ratio)","720 x 1280 pixels, 16:9 ratio (~342 ppi density)","LED-backlit LCD, capacitive touchscreen, 16M colors","Accelerometer, gyro, proximity, compass",Sony Xperia S
,Non-removable Li-Ion 1305 mAh battery,,VGA,"16GB (13GB user available), 1GB RAM","Android 2.3 (Gingerbread), upgradable to 4.1 (Jelly Bean)",,"8 MP, AF","2012, February. Released 2012, May","4.0 inches, 44.1 cm, (~60.8% screen-to-body ratio)","540 x 960 pixels, 16:9 ratio (~275 ppi density)","LED-backlit LCD, capacitive touchscreen, 16M colors","Accelerometer, gyro, proximity, compass",Sony Xperia P
,Removable Li-Ion 1320 mAh battery,,VGA,"8GB (4GB user available), 512MB RAM","Android 2.3 (Gingerbread), upgradable to 4.0 (Ice Cream Sandwich)",,"5 MP, AF","2012, February. Released 2012, May","3.5 inches, 33.8 cm, (~55.8% screen-to-body ratio)","480 x 854 pixels, 16:9 ratio (~280 ppi density)","TFT capacitive touchscreen, 16M colors","Accelerometer, proximity, compass",Sony Xperia U
,Non-removable Li-Ion 1320 mAh battery,,No,"8GB (5GB user available), 512MB RAM","Android 2.3 (Gingerbread), upgradable to 4.0 (Ice Cream Sandwich)",,"5 MP, AF","2012, March. Released 2012, May","3.7 inches, 37.7 cm, (~55.1% screen-to-body ratio)","480 x 854 pixels, 16:9 ratio (~265 ppi density)","LED-backlit LCD, capacitive touchscreen, 16M colors","Accelerometer, proximity, compass",Sony Xperia sola
,Removable Li-Po 1500 mAh battery,,VGA,"1GB (300MB user available), 512MB RAM",Android 4.0.4 (Ice Cream Sandwich),,"5 MP, AF","2012, March. Released 2012, June","4.0 inches, 44.1 cm, (~59.6% screen-to-body ratio)","480 x 854 pixels, 16:9 ratio (~245 ppi density)","LED-backlit LCD, capacitive touchscreen, 16M colors","Accelerometer, proximity, compass",Sony Xperia neo L
,Removable Li-Ion 1900 mAh battery,,1.3 MP,11GB 1GB RAM,Android 2.3 (Gingerbread),,"12 MP, AF","2012, May. Released 2012, Q4","4.3 inches, 51.0 cm, (~61.3% screen-to-body ratio)","720 x 1280 pixels, 16:9 ratio (~342 ppi density)","LED-backlit LCD, capacitive touchscreen, 16M colors","Accelerometer, gyro, proximity, compass",Sony Xperia acro HD SOI12
,Removable Li-Ion 1910 mAh battery,,1.3 MP,11GB 1GB RAM,Android 2.3 (Gingerbread),,"12 MP, AF","2012, May. Released 2012, September","4.3 inches, 51.0 cm, (~61.3% screen-to-body ratio)","720 x 1280 pixels, 16:9 ratio (~342 ppi density)","LED-backlit LCD, capacitive touchscreen, 16M colors","Accelerometer, gyro, proximity, compass",Sony Xperia acro HD SO-03D
,Removable Li-Ion 1700 mAh battery,,1.3 MP,16GB 1GB RAM,Android 4.0 (Ice Cream Sandwich),,"13 MP, AF","2012, May. Released 2012, August","4.6 inches, 58.3 cm, (~64.5% screen-to-body ratio)","720 x 1280 pixels, 16:9 ratio (~319 ppi density)","LED-backlit LCD, capacitive touchscreen, 16M colors","Accelerometer, gyro, proximity, compass",Sony Xperia GX SO-04D
,Removable Li-Ion 1500 mAh battery,,VGA,4GB 1GB RAM,Android 4.0 (Ice Cream Sandwich),,"8 MP, AF","2012, May. Released 2012, September","3.7 inches, 37.7 cm, (~60.8% screen-to-body ratio)","540 x 960 pixels, 16:9 ratio (~298 ppi density)","LED-backlit LCD, capacitive touchscreen, 16M colors","Accelerometer, gyro, proximity, compass",Sony Xperia SX SO-05D
,Non-removable Li-Ion 1910 mAh battery,,1.3 MP,"16GB (11GB user available), 1GB RAM","Android 4.0 (Ice Cream Sandwich), upgradable to 4.1.2 (Jelly Bean)",,"12 MP, AF","2012, May. Released 2012, August","4.3 inches, 51.0 cm, (~61.3% screen-to-body ratio)","720 x 1280 pixels, 16:9 ratio (~342 ppi density)","LED-backlit LCD, capacitive touchscreen, 16M colors","Accelerometer, gyro, proximity, compass",Sony Xperia acro S
,Non-removable Li-Ion 1305 mAh battery,,No,"8GB (4GB user available), 512MB RAM","Android 2.3 (Gingerbread), upgradable to 4.1.2 (Jelly Bean)",,"5 MP, AF","2012, May. Released 2012, July","3.5 inches, 36.5 cm, (~54.5% screen-to-body ratio)","320 x 480 pixels, 3:2 ratio (~165 ppi density)","LED-backlit LCD, capacitive touchscreen, 16M colors","Accelerometer, proximity, compass",Sony Xperia go
,Removable Li-Ion 1500 mAh battery,,VGA,"4GB (2.2GB user available), 512MB RAM",Android 4.0 (Ice Cream Sandwich),,"5 MP, AF","2012, June. Released 2012, September","3.5 inches, 36.5 cm, (~54.3% screen-to-body ratio)","320 x 480 pixels, 3:2 ratio (~165 ppi density)","TFT, capacitive touchscreen, 16M colors","Accelerometer, proximity, compass",Sony Xperia miro
,Removable Li-Ion 1500 mAh battery,,No,"2.9GB (2.5GB user available), 512MB RAM",Android 4.0.4 (Ice Cream Sandwich),,3.15 MP,"2012, June. Released 2012, August","3.2 inches, 30.5 cm, (~51.9% screen-to-body ratio)","320 x 480 pixels, 3:2 ratio (~180 ppi density)","TFT capacitive touchscreen, 256K colors","Accelerometer, proximity",Sony Xperia tipo
,Removable Li-Ion battery,,,,,,No,"2001, Q4",,"96 x 92 pixels, 6 lines, 1:1 ratio","Grayscale graphic, 4 shades",,Sony CMD J70
,Removable Li-Po battery,,,,,,No,"2001, Q4",,"96 x 92 pixels, 6 lines, 1:1 ratio","Grayscale graphic, 4 shades",,Sony CMD Z7
,Non-removable Li-Ion battery,,VGA,"16GB 1GB RAM, 32GB 1GB RAM","Android 3.1 (Honeycomb), upgradable to 4.0.3 (Ice Cream Sandwich)",,"5 MP, AF","2011, August. Released 2011, September","9.4 inches, 256.2 cm, (~60.9% screen-to-body ratio)","800 x 1280 pixels, 16:10 ratio (~161 ppi density)","TFT capacitive touchscreen, 16M colors","Accelerometer, gyro, compass",Sony Tablet S
,Non-removable Li-Ion battery,,VGA,"16GB 1GB RAM, 32GB 1GB RAM","Android 3.2 (Honeycomb), upgradable to 4.0.3 (Ice Cream Sandwich)",,"5 MP, AF","2011, August. Released 2011, September","9.4 inches, 256.2 cm, (~60.9% screen-to-body ratio)","800 x 1280 pixels, 16:10 ratio (~161 ppi density)","TFT capacitive touchscreen, 16M colors","Accelerometer, gyro, compass",Sony Tablet S 3G
,Non-removable Li-Ion 3080 mAh battery,,VGA,4GB 1GB RAM,"Android 3.2 (Honeycomb), upgradable to 4.0 (Ice Cream Sandwich)",,"5 MP, AF","2011, August. Released 2011, November","5.5 inches, 75.0 cm, (~26.4% screen-to-body ratio)",1024 x 480 pixels (~206 ppi density),"Dual TFT capacitive touchscreen, 16M colors","Accelerometer, gyro, compass",Sony Tablet P 3G
,Removable Li-Ion 1500 mAh battery,,No,"2.9GB (2.5GB user available), 512MB RAM",Android 4.0.3 (Ice Cream Sandwich),,3.15 MP,"2012, June. Released 2012, September","3.2 inches, 30.5 cm, (~51.9% screen-to-body ratio)","320 x 480 pixels, 3:2 ratio (~180 ppi density)","TFT capacitive touchscreen, 256K colors","Accelerometer, proximity",Sony Xperia tipo dual
,Non-removable Li-Ion 1750 mAh battery,,1.3 MP,32GB 1GB RAM,"Android 4.0.4 (Ice Cream Sandwich), upgradable to 4.1.2 (Jelly Bean)",,"12 MP, AF","2012, August. Released 2012, September","4.3 inches, 51.0 cm, (~62.2% screen-to-body ratio)","720 x 1280 pixels, 16:9 ratio (~342 ppi density)","LED-backlit LCD, capacitive touchscreen, 16M colors","Accelerometer, gyro, proximity, compass",Sony Xperia SL
,Non-removable Li-Ion 1850 mAh battery,,1.3 MP,16GB 1GB RAM,"Android 4.0.4 (Ice Cream Sandwich), upgradаble to 4.3 (Jelly Bean)",,"13 MP, AF","2012, August. Released 2012, September","4.55 inches, 57.1 cm, (~65.5% screen-to-body ratio)","720 x 1280 pixels, 16:9 ratio (~323 ppi density)","TFT capacitive touchscreen, 16M colors","Accelerometer, gyro, proximity, compass",Sony Xperia T
,Removable Li-Ion 1750 mAh battery,,1.3 MP,16GB 1GB RAM,"Android 4.0.4 (Ice Cream Sandwich), upgradаble to 4.3 (Jelly Bean)",,"13 MP, AF","2012, August. Released 2012, October","4.55 inches, 57.1 cm, (~63.5% screen-to-body ratio)","720 x 1280 pixels, 16:9 ratio (~323 ppi density)","TFT capacitive touchscreen, 16M colors","Accelerometer, gyro, proximity, compass",Sony Xperia TX
,Removable Li-Ion 1750 mAh battery,,VGA,"4GB (2GB user available), 512MB RAM","Android 4.0.4 (Ice Cream Sandwich), upgradable to 4.1.2 (Jelly Bean)",,"5 MP, AF","2012, August. Released 2012, October","4.0 inches, 44.1 cm, (~58.0% screen-to-body ratio)","480 x 854 pixels, 16:9 ratio (~245 ppi density)","TFT capacitive touchscreen, 16M colors","Accelerometer, proximity, compass",Sony Xperia J
,Removable Li-Ion 1750 mAh battery,,VGA,8GB 1GB RAM,"Android 4.0.4 (Ice Cream Sandwich), upgradable to 4.3 (Jelly Bean)",,"13 MP, AF","2012, August. Released 2012, December","4.3 inches, 51.0 cm, (~60.8% screen-to-body ratio)","720 x 1280 pixels, 16:9 ratio (~342 ppi density)","TFT capacitive touchscreen, 16M colors","Accelerometer, gyro, proximity, compass",Sony Xperia V
,Non-removable Li-Ion 6000 mAh battery,,1 MP,"16GB 1GB RAM, 32GB 1GB RAM, 64GB 1GB RAM","Android 4.0.3 (Ice Cream Sandwich), upgradable to 4.1 (Jelly Bean)",,"8 MP, AF","2012, August. Released 2012, September","9.4 inches, 256.2 cm, (~61.3% screen-to-body ratio)","800 x 1280 pixels, 16:10 ratio (~161 ppi density)","LED-backlit LCD, capacitive touchscreen, 16M colors","Accelerometer, gyro, compass",Sony Xperia Tablet S
,Non-removable Li-Ion 6000 mAh battery,,1 MP,"16GB 1GB RAM, 32GB 1GB RAM, 64GB 1GB RAM","Android 4.0.3 (Ice Cream Sandwich), upgradable to 4.1 (Jelly Bean)",,"8 MP, AF","2012, August. Released 2012, October","9.4 inches, 256.2 cm, (~61.3% screen-to-body ratio)","800 x 1280 pixels, 16:10 ratio (~161 ppi density)","LED-backlit LCD, capacitive touchscreen, 16M colors","Accelerometer, gyro, compass",Sony Xperia Tablet S 3G
,Non-removable Li-Ion 1850 mAh battery,,1.3 MP,16GB 1GB RAM,Android 4.0.4 (Ice Cream Sandwich),,"13 MP, AF","2012, October. Released 2012, November","4.55 inches, 57.1 cm, (~65.5% screen-to-body ratio)","720 x 1280 pixels, 16:9 ratio (~323 ppi density)","TFT capacitive touchscreen, 16M colors","Accelerometer, gyro, proximity, compass",Sony Xperia T LTE
,Non-removable Li-Ion 3420 mAh battery,,13 MP,64GB 4GB RAM,Android 8.0 (Oreo),,"19 MP, predictive PDAF, Laser AF",Not announced yet,"5.7 inches, 83.8 cm, (~76.0% screen-to-body ratio)","2160 x 4320 pixels, 18:9 ratio (~847 ppi density)","IPS LCD capacitive touchscreen, 16M colors","Fingerprint (side-mounted, region dependent), accelerometer, gyro, proximity, barometer, compass, color spectrum",Sony Xperia H8541
,Non-removable Li-Ion 4280 mAh battery,,"16 MP, f/2.0, 23mm (wide), 1/2.6""",32GB 3GB RAM,Android 6.0 (Marshmallow),,"23 MP, PDAF",Not announced yet,"6.0 inches, 99.2 cm","1080 x 1920 pixels, 16:9 ratio (~367 ppi density)","IPS-NEO LCD capacitive touchscreen, 16M colors","Fingerprint (side-mounted), accelerometer, proximity, compass",Sony Xperia M Ultra
,Non-removable battery,,"13 MP, f/2.0, 22mm (wide), 1/3""","32GB 3GB RAM, 64GB 3GB RAM",Android 6.0.1 (Marshmallow),,"23 MP, f/2.0, 24mm (wide), 1/2.3"", PDAF",Not announced yet,"5.5 inches, 83.4 cm","2160 x 3840 pixels, 16:9 ratio (~801 ppi density)","IPS HDR LCD capacitive touchscreen, 1.07 billion colors","Fingerprint (side-mounted), accelerometer, gyro, proximity, barometer, compass",Sony Xperia X Premium
,Removable Li-Ion battery,,2 MP,8GB 1GB RAM,Android 4.4.4 (KitKat); Timescape UI,,5 MP,"Exp. announcement 2015, Q3","4.0 inches, 44.1 cm","540 x 960 pixels, 16:9 ratio (~275 ppi density)","TFT capacitive touchscreen, 16M colors","Accelerometer, proximity, compass",Sony Xperia E1 II
,Non-removable Li-Ion 4000 mAh battery,,Yes,"16GB 3GB RAM, 32GB 3GB RAM",Android 5.0 (Lollipop),,"16 MP, AF","Exp. announcement 2015, Q3","6.44 inches, 114.3 cm","1080 x 1920 pixels, 16:9 ratio (~342 ppi density)","IPS LCD capacitive touchscreen, 16M colors","Accelerometer, gyro, proximity, compass, barometer",Sony Xperia Z4 Ultra
,Removable Li-Ion battery,,VGA,"8GB 1GB RAM, 16GB 1GB RAM",Android 4.4.2 (KitKat),,"8 MP, AF","Exp. announcement 2014, Q3","4.4 inches, 53.4 cm, (~62.3% screen-to-body ratio)","540 x 960 pixels, 16:9 ratio (~250 ppi density)","TFT capacitive touchscreen, 16M colors","Accelerometer, proximity, compass",Sony D 2403
,Non-removable battery,,2.2 MP,32GB 2GB RAM,Android 4.2 (Jelly Bean),,"13.1 MP, AF",Exp. announcement 2013. Released Exp. release 2013,"4.8 inches, 63.5 cm, (~52.9% screen-to-body ratio)","1080 x 1920 pixels, 16:9 ratio (~459 ppi density)","Capacitive touchscreen, 16M colors","Accelerometer, gyro, proximity, compass",Sony Xperia C670X
,Non-removable Li-Ion 3000 mAh battery,,5 MP,"16GB 3GB RAM, 32GB 3GB RAM",Android 5.0 (Lollipop),,"20.7 MP, 1/2.3"", AF","Exp. announcement 2015, Q3","4.7 inches, 60.9 cm","1080 x 1920 pixels, 16:9 ratio (~469 ppi density)","IPS LCD capacitive touchscreen, 16M colors","Accelerometer, gyro, proximity, compass, barometer",Sony Xperia Z4 Compact
,Removable Li-Ion 1350 mAh battery,,,,,,No,1997,,4 x 16 chars,Monochrome graphic,,Sony CM-DX 1000
,Removable Li-Ion 1800 mAh battery,,,,,,No,1997,,"97 x 33 pixels, 4 x 16 chars",Monochrome graphic,,Sony CM-DX 2000
,Removable Li-Ion 730 mAh battery,,,,,,No,1997,,"97 x 32 pixels, 5 lines",Monochrome graphic,,Sony CMD Z1
,Removable Li-Ion 600 mAh battery,,,,,,No,1997,,"97 x 32 pixels, 5 lines",Monochrome graphic,,Sony CMD Z1 plus
,Removable Li-Ion 500 mAh battery,,,,,,No,1999,,"97 x 32 pixels, 4 lines",Monochrome graphic,,Sony CMD C1
,Removable Li-Ion 500 mAh battery,,,,,,No,2000,,"97 x 32 pixels, 4 lines",Monochrome graphic,,Sony CMD CD5
,Removable Li-Ion 500 mAh battery,,,,,,No,2000,,"96x72 pixels, 5 lines","Grayscale graphic, 4 shades",,Sony CMD Z5
,Removable Li-Ion 620 mAh battery,,,,,,No,May 2001,,"96 x 72 pixels, 5 lines, 4:3 ratio","Grayscale graphic, 4 shades",,Sony CMD MZ5
,Non-removable Li-Ion 3050 mAh battery,,13 MP,64GB 4GB RAM,Android 7.0 (Nougat),,"19 MP, AF",Not announced yet,"6.45 inches, 107.4 cm","1440 x 2880 pixels, 18:9 ratio (~499 ppi density)","IPS LCD capacitive touchscreen, 16M colors","Accelerometer, gyro, proximity, compass",Sony Xperia X Ultra
,Removable Li-Ion 1700 mAh battery,,Yes,1GB RAM,Android 4.0 (Ice Cream Sandwich),,"13 MP, AF","Exp. announcement 2012, August","4.6 inches, 58.3 cm, (~64.5% screen-to-body ratio)","720 x 1280 pixels, 16:9 ratio (~319 ppi density)","LED-backlit LCD, capacitive touchscreen, 16M colors","Accelerometer, gyro, proximity, compass",Sony Xperia LT29i Hayabusa
,Removable Li-Ion battery,,,,,,No,2001,,"96 x 92 pixels, 6 lines, 1:1 ratio","Grayscale graphic, 4 shades",,Sony CMD J6
,Removable Li-Ion battery,,,,,,No,"2001, Q4",,"96 x 92 pixels, 6 lines, 1:1 ratio","Grayscale graphic, 4 shades",,Sony CMD J7
,Removable Li-Ion battery,,,,,,No,2000,,"96 x 92 pixels, 6 lines, 1:1 ratio","Grayscale graphic, 4 shades",,Sony CMD J5
